model,prompt,run,total_latency,first_token_time,memory_usage,output_length,word_count,token_count,tokens_per_second,success
mistral-7b,Explain the concept of artificial intelligence in simple terms.,1,1.5421435832977295,1.2407965660095215,0.0,1837,104,135.20000000000002,87.6701764117758,True
mistral-7b,Write a short poem about technology.,1,1.5649890899658203,1.256415605545044,0.0,1837,104,135.20000000000002,86.39037860829612,True
llama-3.2-1b,Explain the concept of artificial intelligence in simple terms.,1,3.5401759147644043,3.196134090423584,0.0,2224,148,192.4,54.34758176778457,True
llama-3.2-1b,Write a short poem about technology.,1,3.3202438354492188,2.9790256023406982,0.0,2197,145,188.5,56.77293877860526,True
