model,prompt,run,total_latency,first_token_time,memory_usage,output_length,word_count,token_count,tokens_per_second,success
llama-3.2-1b,Explain the concept of artificial intelligence in simple terms.,1,3.561615467071533,3.2321810722351074,0.0,2224,148,192.4,54.020430273512105,True
llama-3.2-1b,Write a short poem about technology.,1,2.7319624423980713,2.354891061782837,0.0,2197,145,188.5,68.99802027825018,True
mistral-7b,Explain the concept of artificial intelligence in simple terms.,1,1.557330846786499,1.2655770778656006,0.0,1837,104,135.20000000000002,86.81520710835515,True
mistral-7b,Write a short poem about technology.,1,1.5459926128387451,1.267348051071167,0.0,1837,104,135.20000000000002,87.45190557653852,True
phi-2,Explain the concept of artificial intelligence in simple terms.,1,1.533731460571289,1.261718988418579,0.0,1832,104,135.20000000000002,88.15102478868126,True
phi-2,Write a short poem about technology.,1,1.534576177597046,1.2612929344177246,0.0,1832,104,135.20000000000002,88.10250150742355,True
tinyllama,Explain the concept of artificial intelligence in simple terms.,1,1.5309545993804932,1.2578051090240479,0.0,1836,104,135.20000000000002,88.31091402364854,True
tinyllama,Write a short poem about technology.,1,1.5238711833953857,1.2458460330963135,0.0,1836,104,135.20000000000002,88.72140996770909,True
